{"coins": 5, "boosts": [{"multiplier": 10, "start_time": 1728830589.2704759, "end_time": 1728841389.2704759}], "daily_boost_count": 1, "last_boost_time": 1728830589.2704759}